Model,CPU,CPU specifications,GPU,Storage capacity,Removable storage,RAM,OS,Custom launcher,Dimensions,Weight,Battery,Recharge power,Display,Camera,Fingerprint scanner,Facial recognition
Vivo X23  (Colorful Edition),Snapdragon 660,Octa-core 1.95 GHz,Adreno 512,128 GB,No,6 GB,Android 8.1 "Oreo",Funtouch  OS 4.5,157.6 x 75.4 x 7.1 mm,162g,3500mAh,microUSB 2.0,6.41" 2340x1080 AMOLED,Dual 12 MP + 13 MP (rear camera) 24.8 MP (front camera),Under screen,Yes
Vivo X23,Snapdragon 670,Octa-core (2x2.0 GHz Kryo 460 Gold – Cortex-A76 derivative + 6x1.7 GHz Kryo 460 Silver – Cortex-A55 derivative),Adreno 615,128 GB,No,8 GB,Android 8.1 "Oreo",Funtouch  OS 4.5,157.6 x 75.4 x 7.1 mm,160.5g,3400mAh,microUSB 2.0,6.41" 2340x1080 AMOLED,Dual 12 MP + 13 MP (rear camera) 12 MP (front camera),Under Screen,Yes
Lenovo Z5 Pro GT  (855 version),Snapdragon 855,Octa-core2.8 GHz (1x2.84 GHz + 3x 2.42 GHz + 4x 1.8 GHz Kryo 485),Adreno 640,128 or 256 GB,microSD up to 256 GB,6/8 GB,Android 9.0 "Pie",ZUI 10,155.12 x 73.04 x 9.3 mm,210g,3350 mAh,USB-C18W,6.39" 2340x1080 AMOLED,Dual 16 MP + 24 MP (rear camera) Dual 16 MP + 8 MP (front camera),Under screen,Yes
Oppo R17 Pro,Snapdragon 710,Octa-core (2x2.2 GHz 360 Gold & 6x1.7 GHz Kryo 360 Silver),Adreno 616,128 GB,No,8 GB,Android 8.1 "Oreo",ColorOS 5.2.1,157.6 x 74.6 x 7.9 mm,183g,3700 mAh,USB-C20W（MAX 50WSuper VOOC available）,6.4" 2340x1080 AMOLED,Triple 12 MP + 20 MP + ToF (rear camera) 25MP (front camera),Under screen,Yes
Oppo R17,Snapdragon 670,Octa-core (2x2.0 GHz Kryo 460 Gold – Cortex-A76 derivative + 6x1.7 GHz Kryo 460 Silver – Cortex-A55 derivative),Adreno 615,128 GB,No,6/8 GB,Android 8.1 "Oreo",ColorOS 5.2.1,157.5 x 74.9 x 7.5 mm,182g,3500 mAh,microUSB 2.0,6.4" 2280x1080 AMOLED,Dual 16 MP + 5 MP (rear camera) 25 MP (front camera),Under screen,Yes
Smartisan Pro 2S,Snapdragon 710,Octa-core (2x2.2 GHz 360 Gold & 6x1.7 GHz Kryo 360 Silver),Adreno 616,64/128 GB,No,4/6 GB,Android 8.1 "Oreo",Smartisan OS 6.0,155.3 x 74.1 x 7.15 mm,167g,3600 mAh,USB-C18W,6.01" 2160x1080 AMOLED,Dual 12 MP + 5 MP (rear camera) 16 MP (front camera),Rear-mounted,Yes
Xiaomi Black Shark Helo,Snapdragon 845,Octa-core2.8 GHz,Adreno 630,128/256 GB,No,6/8/10 GB,Android 8.1 "Oreo",Blackshark UI,160 x 75.25 x 8.7 mm,190g,4000 mAh,USB-C,6.01" 2160x1080 AMOLED,Dual 12 MP + 20 MP (rear camera) 20 MP (front camera),Rear-mounted,Yes
Xiaomi Black Shark,Snapdragon 845,Octa-core2.8 GHz,Adreno 630,64/128 GB,No,6/8 GB,Android 8.0 "Oreo",Blackshark UI,161.6 x 75.4 x 9.3 mm,190g,4000 mAh,USB-C,5.99" 2160x1080 AMOLED,Dual 12 MP + 20 MP (rear camera) 20 MP (front camera),Front-mounted,Yes
Smartisan R1,Snapdragon 845,Octa-core2.8 GHz,Adreno 630,64/128/512/1024 GB,No,6/8 GB,Android 8.1 "Oreo",Smartisan OS 6.0,153.3 x 74.5 x 7.9 mm,170g,3600 mAh,USB-C18WWireless10W(MAX),6.17" 2242x1080 AMOLED,Dual 12 MP + 20 MP (rear camera) 24 MP (front camera),Rear-mounted,Yes
ZTE Nubia X,Snapdragon 845,Octa-core2.8 GHz,Adreno 630,128/256/512 GB,No,6/8 GB,Android 8.1 "Oreo",Nubia UI 6,154.1 x 73.3 x 8.4 mm,181g,3800 mAh,USB-C18W,6.26" 2280x1080 LTPS IPS LCD +  5.1" 1520x720 OLED,Dual 16 MP + 24 MP,Dual side-mounted,No
ZTE Nubia Red Magic Mars,Snapdragon 845,Octa-core2.8 GHz,Adreno 630,64/128/256 GB,No,6/8/10 GB,Android 8.1 "Oreo",Redmagic OS 1.6,158.25 x 75 x 9.85 mm,193g,3800 mAh,USB-C16W,6" 2160x1080 LTPS IPS LCD,16 MP (rear camera) 8 MP (front camera),Rear-mounted,No
Vivo Nex Dual Display,Snapdragon 845,Octa-core2.8 GHz,Adreno 630,128 GB,No,10 GB,Android 9.0 "Pie",Funtouch  OS 4.5,157.2 x 75.3 x 8.1 mm,199g,3500 mAh,USB-C18W(MAX22.5W),6.39" 2340x1080 AMOLED +  5.49" 1920x1080 AMOLED,Triple 12 MP + 2 MP + ToF,Under-screen,Yes 3D
Vivo Nex S,Snapdragon 845,Octa-core2.8 GHz,Adreno 630,128 or 256 GB,No,8 GB,Android 8.1 "Oreo",Funtouch OS 4,162 x 77 x 8 mm,199g,4000 mAh,USB-C18W(MAX22.5W),6.59" 2316x1080 AMOLED,Dual 12 MP + 5 MP (rear camera) 8 MP (front camera),Under-screen,No
Oppo Find X,Snapdragon 845,Octa-core2.8 GHz,Adreno 630,128 or 256 GB  512 GB (Lamborghini Edition),No,8 GB,Android 8.1 "Oreo",ColorOS 5.1,156.7 x 74.2 x 9.4 mm,186g,3730 mAh  3400 mAh (Super Flash Edition),USB-C20W（MAX 50WSuper VOOC）,6.42" 2340x1080 AMOLED,Dual 16 MP + 20 MP (rear camera) 25 MP (front camera),No,Yes 3D
Xiaomi Mi MIX 3,Snapdragon 845,Octa-core2.8 GHz,Adreno 630,128 or 256 GB,No,6/8/10 GB,Android 9.0 "Pie",MIUI 10,157.9 x 74.7 x 8.5 mm,218g,3200 mAh,USB-C18WWireless10W,6.39" 2340x1080 AMOLED,Dual 12 MP (rear camera) Dual 24 MP + 2 MP (front camera),Rear-mounted,Yes
Xiaomi Mi 8,Snapdragon 845,Octa-core CPU4x2.8 GHz Kryo 385 Gold + 4x1.8 GHz Kyro 385 Silver,Adreno 630,64/128/256 GB,No,6/8 GB LPDDR4X,Android 9.0 "Pie",MIUI 10,154.9 x 74.8 x 7.6 mm,175g,3400 mAh,USB-C18W,6.21" 2248x1080 AMOLED,Dual 12 MP (rear camera) 20 MP (front camera),Rear-mounted,Yes IR
Xiaomi Mi 8 SE,Snapdragon 710,Octa-core (2x2.2 GHz 360 Gold & 6x1.7 GHz Kryo 360 Silver),Adreno 616,64/128 GB,No,4/6 GB LPDDR4X,Android 9.0 "Pie",MIUI 10,147.28 x 73.09 x 7.5 mm,164g,3120 mAh,USB-C18W,5.88" 2244x1080 AMOLED,Dual 12 MP + 5 MP (rear camera) 20 MP (front camera),Rear-mounted,No
Xiaomi Mi MIX 2S,Snapdragon 845,Octa-core CPU4x2.8 GHz Kryo 385 Gold + 4x1.8 GHz Kyro 385 Silver,Adreno 630,64/128/256 GB,No,6/8 GB LPDDR4X,Android 9.0 "Pie",MIUI 10,150.86 x 74.9 x 8.1 mm,189g,3400 mAh Li-Ion,USB-C18WWireless7.5W,5.99" 2160x1080 IPS LCD,Dual 12 MP (rear camera) 5 MP (front camera),Rear-mounted,Yes
Meizu 16th/16th Plus,Snapdragon 845,Octa-core CPU4x2.8 GHz Kryo 385 Gold + 4x1.8 GHz Kyro 385 Silver,Adreno 630,64 GB (16th) 128 GB (both) 256 GB (16th Plus),No,6/8 GB LPDDR4X (both),Android 8.1 "Oreo",Meizu Flyme OS,16th:150.5 x 73.2 x 7.3 mm16th Plus:160.4 x 78.2 x 7.3 mm,16th:152g16th Plus:182g,16th:3010 mAh Li-Po16th Plus:3570 mAh Li-Po,USB-C mCharge 4.0 24W,16th : 6" 2160x1080 AMOLED16th Plus: 6.5" 2160x1080 AMOLED,Dual 12 MP + 20 MP (rear camera) 20 MP (front camera),Under screen,Yes
Apple iPhone XS/XS Max,Apple A12 Bionic,Hexa-core(2x2.49 GHzVortex & 4x? GHz Tempest) ,Apple-designed GPU (4-core),64 256 or 512 GB,No,4 GB LPDDR4X,iOS 12,N/A,XS:143.6 x 70.9 x 7.7 mmXS Max:157.5 x 77.4 x 7.7 mm,XS:177gXS Max: 208g,XS: 2658 mAhXS Max: 3174 mAh,Lightning≥18WWireless,XS: 5.8” 2436x1125 Super Retina OLEDXS Max: 6.5" 2688x1242 Super Retina OLED,Dual 12 MP (rear) 7 MP TrueDepth (front camera),No,Yes 3D
Apple iPhone XR,Apple A12 Bionic,Hexa-core(2x2.49 GHzVortex & 4x? GHz Tempest) ,Apple-designed GPU (4-core),64 128 or 256 GB,No,3 GBLPDDR4X,iOS 12,N/A,150.9 x 75.7 x 8.3 mm,194g,2942 mAh,Lightning≥18WWireless,6.1” 1792x828 Liquid Retina IPS LCD,12 MP (rear camera) 7 MP TrueDepth (front camera),No,Yes 3D
Huawei Honor Magic 2,Kirin 980,Octa-core2.6 GHz,Mali-G76 MP10,128 or 256 GB,No,6/8 GB,Android 9.0 "Pie",Huawei EMUI 9 or Magic UI 2,157.3 x 75.1 x 8.3 mm,206g,3500 mAh,USB-C18W(MAX40W),6.39" 2340x1080 AMOLED,Triple 16 MP + 16 MP + 24 MP (rear camera) Triple 16 MP + 2 MP + 2 MP (front camera),Under-screen,Yes
Huawei Mate 20/Mate 20 Pro,Kirin 980,Octa-core2.6 GHz,Mali-G76 MP10,128 GB (both) or 256 GB (Mate 20 Pro),up to 256 GB,Mate 20: 4/6 GBMate 20 Pro: 6/8 GB,Android 9.0 "Pie",EMUI 9,Mate 20:158.2 x 77.2 x 8.3 mmMate 20 Pro:157.8 x 72.3 x 8.6 mm,Mate 20: 188gMate 20 Pro: 189g,Mate 20: 4000 mAhMate 20 Pro: 4200 mAh,USB-C 18W/22.5W  Wireless charging,Mate 20: 6.53" 2244x1080 IPS LCDMate 20 Pro: 6.39" 3120x1440 AMOLED,Mate 20: Triple 12 MP + 16  MP + 8 MP (rear camera) 24 MP (front camera)Mate 20 Pro: Triple 40 MP + 20 MP + 8 MP (rear camera) 24 MP (front camera),Mate 20: Rear-mountedMate 20 Pro: Under screen,Mate 20: YesMate 20 Pro: Yes 3D
Huawei Mate 20 X,Kirin 980,Octa-core2.6 GHz,Mali-G76 MP10,128 GB,up to 256 GB,6 GB,Android 9.0 "Pie",EMUI 9,174.6 x 85.4 x 8.2 mm,232g,5000 mAh,USB-C 18W/22.5W  Wireless charging,7.2" 2244x1080 AMOLED,Triple 40 MP + 20 MP + 8 MP (rear camera) 24 MP (front camera),Rear-mounted,Yes
Huawei P20/P20 Pro,Kirin 970,Octa-core (4x2.4 GHz Cortex-A73 & 4x1.8 GHz Cortex-A53),Mali-G72 MP12,64 or 128 GB,No,P20: 4 GBP20 Pro: 6 GB,Android 9.0 "Pie",Huawei EMUI,P20:149.1 x 70.8 x 7.7 mmP20 Pro:155 x 73.9 x 7.8 mm,P20: 165gP20 Pro: 180g,P20: 3400 mAhP20 Pro: 4000 mAh,USB-C18W,P20: 5.84" 2240x1080 LTPS IPS LCDP20 Pro: 6.1" 2240x1080 AMOLED,P20: Dual 20 MP + 12  MP (rear camera) 24 MP (front camera)P20 Pro: Triple 40 MP + 20 MP + 8 MP (rear camera) 24 MP (front camera),Front-mounted,Yes
Meizu mblu E3,Snapdragon 636,Octa-core (4x1.8 GHz Kryo 260 Gold – Cortex-A73 derivative +4x 1.6 GHz Kryo 260 Silver – Cortex-A53 derivative),Adreno 509,64 or 128 GB(J-20 Edition),microSD up to 128 GB,6 GB,Android 7.1.2 "Nougat",Meizu Flyme OS,156.8 x 75 x 7.6 mm,160g,3360mAh,USB-C20W,5.99" 2160x1080 LCD,Dual 12 MP + 20 MP (rear camera) 8 MP (front camera),side-mounted,Yes
Samsung Galaxy S9/S9+,Snapdragon 845Exynos 9810,Octa-core2.8 GHzOcta-core2.7 GHz,Adreno 630Mali-G72 MP18,64 128 or 256 GB,microSD up to 400 GB,S9: 4 GBS9+: 6 GB,Android 8.0 "Oreo",Samsung Experience 9.0,S9:147.7 × 68.7 × 8.5 mmS9+:158.1 × 73.8 × 8.5 mm,S9: 163gS9+:189g,S9: 3000 mAhS9+: 3500 mAh,USB-C,S9: 5.8" 2960×1440 AMOLEDS9+: 6.2" 2960×1440 AMOLED,S9: 12 MP (rear camera) 8  MP (front camera)S9+: Dual 12 MP (rear camera) 8  MP (front camera),Rear-mounted,Yes IR
Samsung Galaxy A8/A8+,Exynos 7885,Octa-core2.2 GHz,Mali-G71,32 GB or 64 GB,microSD up to 256 GB,A8: 4 GBA8+: 4/6 GB,Android 8.0 "Oreo",Samsung Experience 9.0,A8: 149.2 x 70.6 x 8.4 mmA8+:159.9 x 75.7 x 8.3 mm,A8: 172gA8+:191g,A8: 3000 mAhA8+: 3500 mAh,USB-C,A8: 5.6" 2220x1080 AMOLEDA8+: 6" 2220×1080 AMOLED,16 MP (rear camera) 16 MP + 8 MP (front camera),Rear-mounted,No
Samsung Galaxy A8s,Snapdragon 710,Octa-core (2x2.2 GHz 360 Gold & 6x1.7 GHz Kryo 360 Silver),Adreno 616,128 GB,microSD up to 512 GB,6/8 GB,Android 9.0 "Pie",Samsung Experience 9.0,158.4 x 74.9 x 7.4 mm,173g,3400 mAh,USB-C,6.4" 2340x1080 IPS LCD,Triple 24 MP + 10 MP + 5 MP (rear camera) 24 MP (front camera),Rear-mounted,Yes
Samsung Galaxy Note 9,Snapdragon 845Exynos 9810,Octa-core2.8 GHzOcta-core2.7 GHz,Adreno 630Mali-G72 MP18,128 GB or 512 GB,microSD up to 512 GB,6/8 GB,Android 8.1 "Oreo",Samsung Experience 9.0,161.9 x 76.4 x 8.8 mm,201g,4000 mAh,USB-C,6.4" 2960×1440 AMOLED,Dual 12 MP (rear camera) 8  MP (front camera),Rear-mounted,Yes IR
Google Pixel 3/Pixel 3 XL,Snapdragon 845,Octa-core2.5 GHz,Adreno 630,64 GB or 128 GB,No,4 GB,Android 9.0 "Pie",-,Pixel 3:145.6 × 68.2 × 7.9 mmPixel 3 XL:158 × 76.7 × 7.9 mm,Pixel 3: 148gPixel 3 XL: 184g,Pixel 3: 2915 mAhPixel 3 XL: 3430 mAh,-,Pixel 3: 5.5" 2160×1080 AMOLEDPixel 3 XL: 6.3" 2960×1440 AMOLED,12.2 MP (rear camera) Dual 8 MP (front camera),Rear-mounted,No
HTC U12+,Snapdragon 845,Octa-core2.8 GHz,Adreno 630,64 GB or 128 GB,microSD up to 512 GB,6 GB,Android 8.0 "Oreo",HTC Sense 10,156.6 x 73.9 x 8.7 mm,188g,3500 mAh,-,6" 2880×1440 LCD,Dual 12 MP + 16 MP (rear camera) Dual 8 MP (front camera),Rear-mounted,Yes
Nokia 8 Sirocco,Snapdragon 835,Octa-core2.45 GHz,Adreno 540,128 GB,No,6 GB,Android 8.0 "Oreo",Android One,140.9 x 73 x 7.5 mm,177g,3260 mAh,USB-C,5.5" 2560x1440 P-OLED,Dual 12 MP + 13 MP (rear camera) 5 MP (front camera),Rear-mounted,No
LG G7 ThinQ,Snapdragon 845,Octa-core2.8 GHz,Adreno 630,64 GB or 128 GB,microSD up to 512 GB,4/6 GB,Android 8.0 "Oreo",LG UX,153.2 x 71.9 x 7.9 mm,162g,3000 mAh,-,6.1" 3120x1440 LCD,Dual 16 MP (rear camera) 8 MP (front camera),Rear-mounted,Yes
LG V40 ThinQ,Snapdragon 845,Octa-core2.8 GHz,Adreno 630,64 GB or 128 GB,microSD up to 512 GB,6 GB,Android 8.1 "Oreo",LG UX,158.8 x 75.7 x 7.6 mm,169g,3300 mAh,-,6.4" 3120x1440 P-OLED,Triple 12 MP + 12 MP + 16 MP (rear camera) Dual 8 MP + 5 MP (front camera),Rear-mounted,Yes
Huawei  Nova 4,Kirin 970,Octa-core2.4 GHz,Mali-G72 MP12,128 GB,microSD up to 512 GB,8 GB,Android 9.0 "Pie",Huawei EMUI,157 x 75.1 x 7.8 mm,172g,3750 mAh,-,6.4" 2310x1080 IPS LCD,Triple 48 MP + 16 MP + 2 MP (rear camera) 25 MP (front camera),Rear-mounted,Yes
Huawei Honor 10,Kirin 970,Octa-core2.4 GHz,Mali-G72 MP12,64 GB or 128 GB,No,4/6 GB  8 GB (GT),Android 8.1 "Oreo",Huawei EMUI,149.6 x 71.2 x 7.7 mm,153g,3400 mAh,-,5.84" 2280x1080 IPS LCD,Dual 16 MP + 24 MP (rear camera) 24 MP (front camera),Front-mounted,Yes
Huawei Honor View 10,Kirin 970,Octa-core2.4 GHz,Mali-G72 MP12,64 GB or 128 GB,microSD up to 256 GB,4/6 GB,Android 9.0 "Pie",Huawei EMUI,157 x 75 x 7 mm,172g,3750 mAh,-,5.99" 2160x1080 LTPS IPS LCD,Dual 16 MP + 20 MP (rear camera) 13 MP (front camera),Front-mounted,Yes
Huawei Honor View 20,Kirin 980,Octa-core2.6 GHz,Mali-G76 MP10,128 GB or 256 GB,No,6/8 GB,Android 9.0 "Pie",Huawei EMUI,156.9 x 75.4 x 8.1 mm,180g,4000 mAh,-,6.4" 2310x1080 IPS LCD,Dual 48 MP + ToF 3D stereo (rear camera) 25 MP (front camera),Rear-mounted,Yes
Blackberry Evolve/Evolve X,Snapdragon 450 (Evolve) Snapdragon 660 (Evolve X),Octa-core 1.8 GHz (Evolve) Octa-core 2.2 GHz (Evolve X),Adreno 506 (Evolve)  Adreno 512 (Evolve X),64 GB,microSD up to 256 GB ,4 GB (Evolve)  6 GB (Evolve X),Android 8.1 "Oreo",-,158.9 x 76.1 x 8.4 mm (Evolve)  159.1 x 76.8 x 8.8 mm (Evolve X),170g,4000 mAh,-,5.99" 2160x1080 IPS LCD,Dual 13 MP (Evolve)  Dual 12 MP + 13 MP (Evolve X),Rear-mounted,Yes
Blackberry Key2,Snapdragon 660,Octa-core2.2 GHz,Adreno 512,64 GB or 128 GB,microSD up to 256 GB,6 GB,Android 8.1 "Oreo",-,151.4 x 71.8 x 8.5 mm,168g,3500 mAh,-,4.5" 1620x1080 IPS LCD,Dual 12 MP (rear camera) 8 MP (front camera),Front-mounted,No
Sony Xperia XZ2 Premium,Snapdragon 845,Octa-core2.8 GHz,Adreno 630,64 GB,microSD up to 512 GB,6 GB,Android 9.0 "Pie",-,158 x 80 x 11.9 mm,236g,3540 mAh,-,5.8" 3840x2160 IPS LCD,Dual 19 MP + 12 MP (rear camera) 13 MP (front camera),Rear-mounted,Yes
Sony Xperia XZ3,Snapdragon 845,Octa-core2.7 GHz,Adreno 630,64 GB,microSD up to 512 GB ,4 GB 6 GB (Taiwan only),Android 9.0 "Pie",-,158 x 73 x 9.9 mm,193g,3300 mAh,-,6" 2880x1440 P-OLED,19 MP (rear camera) 13 MP (front camera),Rear-mounted,Yes
Sony Xperia XZ2 Compact,Snapdragon 845,Octa-core2.7 GHz,Adreno 630,64 GB,microSD up to 512 GB ,4 GB,Android 8.0 "Oreo",-,135 x 65 x 12.1 mm,168g,2870 mAh,-,5" 2160x1080 IPS LCD,19 MP (rear camera) 5 MP (front camera),Rear-mounted,No
OnePlus 6T,Snapdragon 845,Octa-core CPU4x2.8 GHz Kryo 385 Gold + 4x1.7 GHz Kyro 385 Silver,Adreno 630,128 or 256 GB,No,6/8 GB  10 GB LPDDR4X (McLaren edition),Android 9.0 "Pie",Oxygen OS,157.5 x 74.8 x 8.2 mm,185g,3700 mAh,-,6.41" 2340x1080 AMOLED,Dual 16 MP + 20 MP (rear camera) 16 MP (front camera),Under screen,Yes
OnePlus 6,Snapdragon 845,Octa-core CPU4x2.8 GHz Kryo 385 Gold + 4x1.7 GHz Kyro 385 Silver,Adreno 630,64/128/256 GB,No,6/8 GB LPDDR4X,Android 9.0 "Pie",Oxygen OS,155.7 x 75.4 x 7.8 mm,177g,3300 mAh,-,6.28" 2280x1080 AMOLED,Dual 16 MP + 20 MP (rear camera) 16 MP (front camera),Rear-mounted,Yes
Meizu 15/15 Plus,Snapdragon 660 (15)Exynos 8895 (15 Plus),Octa-core2.2 GHzOcta-core4x2.3 GHz+4x1.7 GHz,Adreno 512 (15)ARM Mali-G71 MP20 (15 Plus),64/128 GB,No,4 GB (15) 6 GB (15 Plus) LPDDR4X,Android 7.1.2 "Nougat",Meizu Flyme OS,15:143 x 72 x 7.3 mm15 Plus:153.8 x 78.3 x 7.3 mm,15:152g15 Plus:177g,15:3000 mAh15 Plus:3500 mAh,-,15:5.46" 1920x1080 AMOLED15 Plus:5.95" 2560x1440 AMOLED,Dual 12 MP + 20 MP (rear camera) 20 MP (front camera),Front-mounted,Yes
Meizu 16X,Snapdragon 710,Octa-core (2x2.2 GHz 360 Gold & 6x1.7 GHz Kryo 360 Silver),Adreno 616,64 or 128 GB,No,6 GB LPDDR4X,Android 8.1 "Oreo",Meizu Flyme OS,151 x 73.5 x 7.5 mm,154g,3100 mAh,-,6" 2160x1080 AMOLED,Dual 12 MP + 20 MP (rear camera) 20 MP (front camera),Under screen,Yes
Meizu X8,Snapdragon 710,Octa-core (2x2.2 GHz 360 Gold & 6x1.7 GHz Kryo 360 Silver),Adreno 616,64 or 128 GB,No,4/6 GB LPDDR4X,Android 8.1 "Oreo",Meizu Flyme OS,151.2 x 74.6 x 7.8 mm,160g,3210 mAh,-,6.2" 2220x1080 IPS LCD,Dual 12 MP + 5 MP (rear camera) 20 MP (front camera),Rear-mounted,Yes
Xiaomi Pocophone F1,Snapdragon 845,Octa-core CPU4x2.8 GHz Kryo 385 Gold + 4x1.8 GHz Kyro 385 Silver,Adreno 630,64/128/256 GB,microSD up to 256 GB,6/8 GB LPDDR4X,Android 9.0 "Pie",MIUI 10,155.5 x 75.3 x 8.8 mm,182g,4000 mAh,-,6.18" 2246x1080 IPS LCD,Dual 12 MP + 5 MP (rear camera) 20 MP (front camera),Rear-mounted,Yes IR
Motorola Moto Z3,Snapdragon 835,Octa-core2.35 GHz,Adreno 540,64 or 128 GB,microSD up to 512 GB,4/6 GB,Android 8.1 "Oreo",-,156.5 x 76.5 x 6.8 mm,156g,3000 mAh,-,6.01" 2160x1080 AMOLED,Dual 12 MP (rear camera) 8 MP (front camera),Side-mounted,Yes
Motorola Moto G6,Snapdragon 450,Octa-core1.8 GHz,Adreno 506,32 or 64 GB,microSD up to 256 GB,3/4 GB,Android 8.0 "Oreo",-,153.8 x 72.3 x 8.3 mm,167g,3000 mAh,-,5.7" 2160x1080 IPS LCD,Dual 12 MP + 5 MP (rear camera) 8 or 16 MP (front camera),Front-mounted,Yes
Palm Phone,Snapdragon 435,Octa-core1.4 GHz,Adreno 505,32 GB,microSD up to 256 GB,3 GB,Android 8.1 "Oreo",-,96.5 x 50.5 x 10 mm,-,800 mAh,-,3.3" 1280x720 IPS LCD,12 MP (rear camera) 8 MP (front camera),No,Yes IR
Unihertz Atom,MT6763 (Helio P23)[1],Octa-core2 GHz,Mali-G71,64 GB,No,4 GB,Android 8.1 "Oreo",-,96.5 x 45.7 x17.8 mm,108 g,2000 mAh,-,2.45" 432x240 TFT LCD,16 MP (rear camera) 8 MP (front camera),No,No
Red Hydrogen One,Snapdragon 835,Octa-core2.35 GHz,Adreno 540,128 GB  256 GB (Titanium),microSD up to 512 GB,6 GB,Android 8.1 "Oreo",-,164.9 x 85.7 x 10 mm,263g  292g (Titanium),4500 mAh,USB-C,5.7" 2560x1440 LTPS IPS LCD Stereoscopic 3D,Dual 12 MP (rear camera) Dual 8 MP (front camera),Side-mounted,Yes
Razer Phone 2,Snapdragon 845,Octa-core2.8 GHz,Adreno 630,64 GB,microSD up to 512 GB,8 GB,Android 8.1 "Oreo",Nova Launcher Prime,158.5 x 79 x 8.5 mm,220g,4000 mAh,-,5.72" 2560x1440 IPS LCD 120Hz,Dual 12 MP (rear camera) 8 MP (front camera),Side-mounted,No
Asus ROG Phone,Snapdragon 845,Octa-core2.96 GHz,Adreno 630,128 or 512 GB,No,8 GB,Android 8.1 "Oreo",ROG Gaming UI,158.8 x 76.2 x 8.3 mm,200g,4000 mAh,-,6" 2160x1080 AMOLED 90 Hz,Dual 12 MP + 8 MP (rear camera) 8 MP (front camera),Rear-mounted,Yes

Meizu Note 9,Snapdragon 675,Octa-core2 GHz (2x 2 GHz Kryo 460 Gold + 6x 1.7 GHz Kryo 460 Silver),Adreno 612,64 or 128 GB,No,4/6 GB,Android 9.0 "Pie",Flyme 7.2,153.1 x 74.4 x 8.7 mm,170g,4000 mAh,USB-C18W,6.2" 2244x1080 LCD,Dual 48 MP + 5 MP (rear camera) 20 MP (front camera),Rear-mounted,Yes
Meizu 16Xs,Snapdragon 675,Octa-core2 GHz (2x 2 GHz Kryo 460 Gold + 6x 1.7 GHz Kryo 460 Silver),Adreno 612,64 or 128 GB,No,6 GB,Android 9.0 "Pie",Flyme 8,152 x 74.4 x 8.3 mm,165g,4000 mAh,USB-C24W,6.2" 2232x1080 AMOLED,Triple 48 MP + 8 MP + 5 MP (rear camera) 16 MP (front camera),Under screen,Yes
Meizu 16s,Snapdragon 855,Octa-core2.8 GHz (1x2.84 GHz + 3x 2.42 GHz + 4x 1.8 GHz Kryo 485),Adreno 640,128 or 256 GB,No,6/8 GB,Android 9.0 "Pie",Flyme 7.3,151.9 x 73.4 x 7.6 mm,165g,3600 mAh,USB-C24W,6.2" 2232x1080 AMOLED,Dual 48 MP + 20 MP (rear camera) 20 MP (front camera),Under screen,Yes
Meizu 16T,Snapdragon 855,Octa-core2.8 GHz (1x2.84 GHz + 3x 2.42 GHz + 4x 1.8 GHz Kryo 485),Adreno 640,128 or 256 GB,No,6/8 GB,Android 9.0 "Pie",Flyme 8,159.6 x 78.2 x 8.3 mm,183g,4500 mAh,USB-C 18W,6.5" 2232x1080 AMOLED,Triple 12 MP + 8 MP + 5 MP (rear camera) 16 MP (front camera),Under screen,Yes
Meizu 16s Pro,Snapdragon 855+,Octa-core2.96 GHz (1x 2.96 GHz + 3x 2.42 GHz + 4x 1.8 GHz Kryo 485),Adreno 640,128 or 256 GB,No,6/8 GB,Android 9.0 "Pie",Flyme 8,151.9 x 73.4 x 7.7 mm,166g,3600 mAh,USB-C 24W,6.2'' 2232x1080 AMOLED,Triple 48 MP + 20 MP + 16 MP (rear camera) 20 MP (front camera),Under screen,Yes
Meizu M10,Mediatek Helio P25,Octa-core 2.6GHz (4x Cortex-A53 2.6GHz+4x Cortex-A53 1.6GHz),Mali-T880 MP2,32 GB,No,2/3 GB,Android 8.1 "Oreo",Flyme 7,164.8 x 76.3 x 8.45 mm,184g,4000mAh,Micro-USB,6.5'' 1600x720 LCD,Triple 13 MP + 2 MP + 2 MP (rear camera) 8 MP (front camera),Rear-Mounted,Yes
Smartisan Pro 3,Snapdragon 855+,Octa-core2.96 GHz (1x 2.96 GHz + 3x 2.42 GHz + 4x 1.8 GHz Kryo 485),Adreno 640,128 or 256 GB,No,8/12 GB,Android 9.0 "Pie",Smartisan OS 7.0,156.66 x 74.38 x 7.8 mm,185g,4000 mAh,USB-C 18W,6.39'' 2340x1080 AMOLED,Quad 48 MP + 13 MP + 8 MP+ 5 MP (rear camera) 20 MP (front camera),Under screen,Yes
Redmi Note 7,Snapdragon 660,Octa-core2.2 GHz (4x 2.2 GHz + 4x 1.8 GHz Kryo 260),Adreno 512,32 or 64 GB,microSD up to 256 GB,3/4/6 GB,Android 9.0 "Pie",MIUI 10,159.2 x 75.2 x 8.1 mm,186g,4000 mAh,USB-C 18W,6.3" 2340x1080 IPS LCD,Dual 48 MP + 5 MP (rear camera) 13 MP (front camera),Rear-mounted,Yes
Redmi Note 7 Pro,Snapdragon 675,Octa-core2 GHz (2x 2 GHz Kryo 460 Gold + 6x 1.7 GHz Kryo 460 Silver),Adreno 612,64 or 128 GB,microSD up to 256 GB,4/6 GB,Android 9.0 "Pie",MIUI 10,159.2 x 75.2 x 8.1 mm,186g,4000 mAh,USB-C 18W,6.3" 2340x1080 IPS LCD,Dual 48 MP + 5 MP (rear camera) 13 MP (front camera),Rear-mounted,Yes
Redmi Note 8,Snapdragon 665,Octa-core2 GHz (4x 2 GHz Kryo 260 Gold + 4x 1.8 GHz Kryo 260 Silver),Adreno 610,64 or 128 GB,microSD up to 256 GB,4/6 GB,Android 9.0 "Pie",MIUI 10,158.3 x 75.3 x 8.4 mm,190g,4000 mAh,USB-C 18W,6.3" 2340x1080 IPS LCD,Quad 48 MP + 8 MP + 2x 2 MP (rear camera) 13 MP (front camera),Rear-mounted,Yes
Redmi Note 8 Pro,MediaTek Helio G90T,Octa-core(2x Cortex-A76 + 6x Cortex-A55),Mali-G76MC4,64 or 128 GB,microSD up to 256 GB,6/8 GB,Android 9.0 "Pie",MIUI 10,161.3 x 76.4 x 8.8 mm,199g,4500 mAh,USB-C 18W,6.5" 2340x1080 IPS LCD,Quad 64 MP + 8 MP + 2x 2 MP (rear camera) 20 MP (front camera),Rear-mounted,Yes
Redmi 8,Snapdragon 439,Octa-core(2x 1.95 GHz Cortex-A53 + 6x 1.45 GHz Cortex-A53) ,Adreno 505,32 or 64 GB,microSD up to 512 GB,3/4 GB,Android 9.0 "Pie",MIUI 9,156.5 x 75.4 x 9.4 mm,188g,5000 mAh,USB-C,6.2" 1520x720 IPS LCD,Dual 12 MP + 2 MP (rear camera) 8 MP (front camera),Rear-mounted,Yes
Redmi 8A,Snapdragon 439,Octa-core(2x 1.95 GHz Cortex-A53 + 6x 1.45 GHz Cortex-A53) ,Adreno 505,32 GB,microSD up to 512 GB,2/3 GB,Android 9.0 "Pie",MIUI 10,156.5 x 75.4 x 9.4 mm,188g,5000 mAh,USB-C,6.2" 1520x720 IPS LCD,12 MP (rear camera) 8 MP (front camera),No,Yes
Redmi Go,Snapdragon 425,Quad core1.4 GHz,Adreno 308,8 GB,microSD up to 128 GB,1 GB,Android 8.1 "Oreo"  Android Go,-,140.4 x 70.1 x 8.4 mm,137g,3000 mAh,microUSB,5.0" 1280x720 IPS LCD,8 MP (rear camera)5 MP (front camera),No,No
Redmi K20/Xiaomi Mi 9T,Snapdragon 730,Octa-core 2.2 GHz (2x 2.2 GHz Kryo 470 Gold + 6x 1.8 GHz Kryo 470 Silver),Adreno 618,64/128/256 GB,No,6/8 GB,Android 9.0 "Pie",MIUI 10,156.7 x 74.3 x 8.8 mm,191g,4000 mAh,USB-C 18W,6.4" 2340x1080 AMOLED,Triple 48 MP + 13 MP + 8 MP (rear) 20 MP (front),Under screen,Yes
Redmi K20 Pro/Xiaomi Mi 9T Pro,Snapdragon 855,Octa-core2.84 GHz (1x2.84 GHz + 3x2.42 GHz + 4x1.8 GHz Kryo 485),Adreno 640,64/128/256 GB,No,6/8 GB,Android 9.0 "Pie",MIUI 10,156.7 x 74.3 x 8.8 mm,191g,4000 mAh,USB-C 27W,6.4" 2340x1080 AMOLED,Triple 48 MP + 13 MP + 8 MP (rear) 20 MP (front),Under screen,Yes
Redmi K20 Pro Prime Verson,Snapdragon 855+,Octa-core2.96 GHz (1x 2.96 GHz + 3x 2.42 GHz + 4x 1.8 GHz Kryo 485),Adreno 640,128/512 GB,No,8/12 GB,Android 9.0 "Pie",MIUI 10,156.7 x 74.3 x 8.8 mm,191g,4000 mAh,USB-C 27W,6.4" 2340x1080 AMOLED,Triple 48 MP + 13 MP + 8 MP (rear) 20 MP (front),-,Yes
Redmi K30/Poco X2,Snapdragon 730,Octa-core 2.2 GHz (2x 2.2 GHz Kryo 470 Gold + 6x 1.8 GHz Kryo 470 Silver),Adreno 618,64/128/256 GB,microSD up to 256 GB,6/8 GB,Android 10,MIUI 11,165.3 x 76.6 x 8.8 mm,208g,4500 mAh,USB-C 27W,6.7" 2400x1080 120Hz IPS LCD,Quad 64 MP + 8 MP + 2x 2 MP (rear) Dual 20 MP + 2 MP (front),Side-mounted,Yes
Redmi K30 5G,Snapdragon 765,Octa-core 2.4 GHz (1x 2.4 GHz Kryo 475 Prime + 1x 2.2 GHz Kryo 475 Gold + 6x 1.8 GHz Kryo 475 Silver),Adreno 620,64/128/256 GB,microSD up to 256 GB,6/8 GB,Android 10,MIUI 11,165.3 x 76.6 x 8.8 mm,208g,4500 mAh,USB-C 30W,6.7" 2400x1080 120Hz IPS LCD,Quad 64 MP + 8 MP + 2x 2 MP (rear) Dual 20 MP + 2 MP (front),Side-mounted,Yes
Xiaomi Mi 9,Snapdragon 855,Octa-core2.8 GHz (1x 2.84 GHz + 3x 2.42 GHz + 4x 1.8 GHz Kryo 485),Adreno 640,64 or 128 GB,No,6/8 GB,Android 9.0 "Pie",MIUI 10,157.5 x 74.7 x 7.6 mm,173g,3300 mAh,USB-C 27WWireless 20W MAX,6.4" 2340x1080 AMOLED,Triple 48 MP + 16 MP + 12 MP (rear camera) 20 MP (front camera),Under screen,Yes
Xiaomi Mi 9 Pro/Mi 9 Pro 5G,Snapdragon 855+,Octa-core2.96 GHz (1x 2.96 GHz + 3x 2.42 GHz + 4x 1.8 GHz Kryo 485),Adreno 640,128/256/512 GB,No,8/12 GB,Android 10,MIUI 11,157.2 x 74.6 x 8.5 mm,196g,4000 mAh,USB-C 40WWireless 30W MAX,6.4" 2340x1080 AMOLED,Triple 48 MP + 16 MP + 12 MP (rear camera) 20 MP (front camera),Under screen,Yes
Xiaomi Mi CC9 Pro,Snapdragon 730,Octa-core2.2 GHz (2x 2.2GHz Kryo 470 Gold + 6x 1.8GHz Kryo 470 Silver),Adreno 618,128/256 GB,No,6/8 GB,Android 9.0 "Pie",MIUI 11,157.8 x 74.2 x 9.7 mm,208g,5260 mAh,USB-C 30W,6.5" 2340x1080 AMOLED,Penta 108 MP + 20 MP + 12 MP + 5 MP + 2 MP (rear camera) 32 MP (front camera),Under screen,Yes
Xiaomi Mi 9 SE,Snapdragon 712,2 + 6 cores (2.3 GHz Kryo 360 Gold – Cortex-A75 derivative + 1.7 GHz Kryo 360 Silver – Cortex-A55 derivative),Adreno 616,64/128 GB,No,6 GB,Android 9.0 "Pie",MIUI 10,147.5 x 70.5 x 7.45 mm,155g,3070 mAh,USB-C 18W,6.0" 2340x1080 AMOLED,Triple 48 MP + 8 MP + 13 MP (rear camera) 20 MP (front camera),Under screen,Yes
Oppo Reno A,Snapdragon 710,Octa-core (2x2.2 GHz 360 Gold & 6x1.7 GHz Kryo 360 Silver),Adreno 616,128 GB,microSD up to 256 GB,6 GB,Android 9.0 "Pie",ColorOS 6,158.4 x 75.4 x 7.8 mm,170g,3600 mAh,USB-C,6.4" 2340x1080 AMOLED,Dual 16 MP + 2 MP (rear camera) 25 MP (front camera),Under screen,Yes
Oppo Reno,Snapdragon 710,Octa-core (2x2.2 GHz 360 Gold & 6x1.7 GHz Kryo 360 Silver),Adreno 616,128 or 256 GB,No,6/8 GB,Android 9.0 "Pie",ColorOS 6,156.6 x 74.3 x 9 mm,185g,3765 mAh,USB-C20W MAX,6.4" 2340x1080 AMOLED,Dual 48 MP + 5 MP (rear camera) 16 MP (front camera),Under screen,Yes
Oppo Reno 10x Zoom,Snapdragon 855,Octa-core (1x 2.84 GHz + 3x 2.24 GHz + 4x 1.8 GHz Kryo 485),Adreno 640,128 or 256 GB,microSD up to 256 GB,6/8 GB,Android 9.0 "Pie",ColorOS 6,162 x 77.2 x 9.3 mm,210g,4065 mAh,USB-C20W MAX,6.6" 2340x1080 AMOLED,Triple 48 MP + 13 MP + 8 MP (rear camera) 16 MP (front camera),Under screen,Yes
Oppo Reno Z,MediaTek MT6779 Helio P90,Octa-core (2x 2.2 GHz Cortex-A75 + 6x 2 GHz Cortex-A55),PowerVR GM9446,128 or 256 GB,No,4/6/8 GB,Android 9.0 "Pie",ColorOS 6,157.3 x 74.9 x 9.1 mm,186g,4035 mAh,USB-C20W MAX,6.4" 2340x1080 AMOLED,Dual 48 MP + 5 MP (rear camera) 32 MP (front camera),Under screen,Yes
Oppo Reno2,Snapdragon 730,Octa-core (2x2.2 GHz 470 Gold & 6x1.8 GHz Kryo 460 Silver),Adreno 618,256 GB,microSD up to 256 GB,8 GB,Android 9.0 "Pie",ColorOS 6.1,160 x 74.3 x 9.5 mm,189g,4000 mAh,USB-C20W MAX,6.5" 2400x1080 AMOLED,Quad 48 MP + 13 MP + 8 MP + 2 MP (rear camera) 16 MP (front camera),Under screen,Yes
Oppo Reno2 F,MediaTek MT6771V Helio P70,Octa-core (4x2.1 GHz Cortex-A73 & 4x2.0 GHz Cortex-A53),Mali-G72 MP3,128 GB,microSD up to 256 GB,8 GB,Android 9.0 "Pie",ColorOS 6.1,162.4 x 75.8 x 8.7 mm,195g,4000 mAh,USB-C20W MAX,6.5" 2340x1080 AMOLED,Quad 48 MP + 8 MP + 2x 2 MP (rear camera) 16 MP (front camera),Under screen,Yes
Oppo Reno2 Z,MediaTek MT6779 Helio P90,Octa-core (2x2.2 GHz Cortex-A75 & 6x2.0 GHz Cortex-A55),PowerVR GM9446,256 GB,microSD up to 256 GB,8 GB,Android 9.0 "Pie",ColorOS 6.1,162.4 x 75.8 x 8.7 mm,195g,4000 mAh,USB-C20W MAX,6.5" 2340x1080 AMOLED,Quad 48 MP + 8 MP + 2x 2 MP (rear camera) 16 MP (front camera),Under screen,Yes
Oppo Reno Ace,Snapdragon 855+,Octa-core2.96 GHz (1x2.96 GHz + 3x 2.42 GHz + 4x 1.8 GHz Kryo 485),Adreno 640,128/256 GB,microSD up to 256 GB,8/12 GB,Android 9.0 "Pie",ColorOS 6.1,161 x 75.7 x 8.7 mm,200g,4000 mAh,USB-C 65W,6.5" 2400x1080 AMOLED,Quad 48 MP + 13 MP + 8 MP + 2 MP (rear camera) 16 MP (front camera),Under screen,Yes
Oppo K5,Snapdragon 730,Octa-core (2x2.2 GHz 470 Gold & 6x1.8 GHz Kryo 460 Silver),Adreno 618,128/256 GB,No,6/8 GB,Android 9.0 "Pie",ColorOS 6.1,158.7 x 75.1 x 8.55 mm,182g,4000 mAh,USB-C30W MAX,6.4'' 2340x1080 AMOLED,Quad 64 MP + 8 MP + 2 MP + 2 MP (rear camera) 32 MP (front camera),Under Screen,Yes
Realme X,Snapdragon 710,Octa-core2.2 GHz (2x 2.2 GHz Kryo 360 Gold + 6x 1.7 GHz Kryo 360 Silver),Adreno 616,64 or 128 GB,No,4/6/8 GB,Android 9.0 "Pie",ColorOS 6,161.2 x 76 x 8.6 mm,191g,3765 mAh,USB-C 20W,6.5" 2340x1080 AMOLED,Dual 48 MP + 5 MP (rear) 16 MP (front),Under screen,Yes
Realme 5,Snapdragon 665,Octa-core2 GHz (4x2 GHz Kryo 260 Gold + 4x1.8 GHz Kryo 260 Silver),Adreno 610,32/64/128 GB,microSD up to 256 GB,3/4 GB,Android 9.0 "Pie",ColorOS 6,164.4 x 75.6 x 9.3 mm,198g,5000 mAh,microUSB 10W,6.5" 1600x720 IPS LCD,Quad 12 MP + 8 MP + 2x 2 MP (rear) 13 MP (front),Rear-mounted,Yes
Realme 5 Pro,Snapdragon 712,Octa-core2.3 GHz (2x2.3 GHz Kryo 360 Gold + 6x1.7 GHz Kryo 360 Silver),Adreno 616,64 or 128 GB,microSD up to 256 GB,4/6/8 GB,Android 9.0 "Pie",ColorOS 6,157 x 74.2 x 8.9 mm,184g,4035 mAh,USB-C 20W,6.3" 2340x1080 IPS LCD,Quad 48 MP + 8 MP + 2x 2 MP (rear) 16 MP (front),Rear-mounted,Yes
Realme XT,Snapdragon 712,Octa-core2.3 GHz (2x2.3 GHz Kryo 360 Gold + 6x1.7 GHz Kryo 360 Silver),Adreno 616,64 or 128 GB,microSD up to 256 GB,4/6/8 GB,Android 9.0 "Pie",ColorOS 6,158.7 x 75.2 x 8.6 mm,183g,4000 mAh,USB-C 20W,6.4" 2340x1080 AMOLED,Quad 64 MP + 8 MP + 2x 2 MP (rear) 16 MP (front),Under screen,Yes
Realme X2,Snapdragon 730,Octa-core2.2 GHz (2x2.2 GHz Kryo 470 Gold + 6x1.8 GHz Kryo 470 Silver),Adreno 618,64/128/256 GB,microSD up to 256 GB,6/8 GB,Android 9.0 "Pie",ColorOS 6,158.7 x 75.2 x 8.6 mm,182g,4000 mAh,USB-C 30W,6.4" 2340x1080 AMOLED,Quad 64 MP + 8 MP + 2x 2 MP (rear) 16 MP (front),Under screen,Yes
Realme X2 Pro,Snapdragon 855+,Octa-core2.96 GHz (1x2.96 GHz + 3x 2.42 GHz + 4x 1.8 GHz Kryo 485),Adreno 640,64/128/256 GB,No,6/8/12 GB,Android 9.0 "Pie",ColorOS 6.1,161 x 75.7 x 8.7 mm,199g,4000 mAh,USB-C 50W,6.5" 2400x1080 AMOLED,Quad 64 MP + 13 MP + 8 MP + 2 MP (rear) 16 MP (front),Under screen,Yes
Nokia 9 PureView,Snapdragon 845,Octa-core2.8 GHz (4x2.8 GHz Kryo 385 Gold + 4x1.7 GHz Kryo 385 Silver),Adreno 630,128 GB,microSD up to 512 GB,6 GB,Android 9.0 "Pie"  Android One,-,155 x 7 x 8 mm,172g,3320 mAh,USB-C 18W Wireless 10W,6.0" 2880x1440 P-OLED,Penta 5x 12 MP + ToF (rear camera) 20 MP (front camera),Under screen,Yes
Nokia 7.2,Snapdragon 660,Octa-core2.2 GHz (4x2.2 GHz Kryo 260 Gold + 4x1.8 GHz Kryo 260 Silver),Adreno 512,64 or 128 GB,microSD up to 512 GB,4/6 GB,Android 9.0 "Pie"  Android One,-,159.9 x 71.2 x 8.8 mm,160g,3500 mAh,USB-C 10W,6.3" 2280x1080 IPS LCD,Triple 48 MP + 8 MP + 5 MP (rear camera) 20 MP (front camera),Rear-mounted,Yes
Nokia 6.2,Snapdragon 636,Octa-core1.8 GHz Kryo 260,Adreno 509,32/64/128 GB,microSD up to 512 GB,3/4 GB,Android 9.0 "Pie"  Android One,-,159.9 x 75.1 x 8.3 mm,180g,3500 mAh,USB-C 10W,6.3" 2280x1080 IPS LCD,Triple 16 MP + 8 MP + 5 MP (rear camera) 8 MP (front camera),Rear-mounted,Yes
Samsung Galaxy M10,Exynos 7870,Octa-core1.6 GHz,Mali-T830 MP1,16 or 32 GB,microSD up to 512 GB,2/3 GB,Android 8.1 "Oreo",Samsung Experience 9.5,155.6 x 75.6 x 7.7 mm,163g,3400 mAh,MicroUSB,6.2" 1520x720 PLS TFT LCD,Dual 13 MP + 5 MP (rear camera) 5 MP (front camera),No,Yes
Samsung Galaxy M20,Exynos 7904,Octa-core1.8 GHz,Mali-G71 MP2,32 or 64 GB,microSD up to 512 GB,3/4 GB,Android 8.1 "Oreo",Samsung Experience 9.5,156.4 x 74.5 x 8.8 mm,186g,5000 mAh,USB-C 15W,6.3" 2340x1080 PLS TFT LCD,Dual 13 MP + 5 MP (rear camera) 8 MP (front camera),Rear-mounted,Yes
Samsung Galaxy M30/A40s,Exynos 7904,Octa-core1.8 GHz,Mali-G71 MP2,64 or 128 GB,microSD up to 512 GB,4/6 GB,Android 8.1 "Oreo",Samsung Experience 9.5,159 x 75.1 x 8.5 mm,174g,5000 mAh,USB-C 15W,6.4" 2340x1080 AMOLED,Triple 13 MP + 2x 5 MP (rear camera) 16 MP (front camera),Rear-mounted,Yes
Samsung Galaxy S10e,Snapdragon 855Exynos 9820 Octa,Octa-coreSnapdragon 855 (1x 2.8 GHz + 3x 2.4 GHz + 4x 1.7 GHz Kryo 485)  Exynos 9820 Octa (2x 2.7 GHz Mongoose M4 + 2x 2.3 GHz Cortex-A75 + 4x 1.9 GHz Cortex-A55),Adreno 640  Mali-G76 MP12,128 or 256 GB,microSD up to 512 GB,6/8 GB,Android 9.0 "Pie",One UI,142.2 x 69.9 x 7.9 mm,150g,3100 mAh,USB-C 15W  Wireless 15W,5.8" 2280x1080 AMOLED,Dual 16 MP + 12 MP (rear camera) 10 MP (front camera),Side-mounted,Yes
Samsung Galaxy S10,Snapdragon 855Exynos 9820 Octa,Octa-coreSnapdragon 855 (1x 2.8 GHz + 3x 2.4 GHz + 4x 1.7 GHz Kryo 485)  Exynos 9820 Octa (2x 2.7 GHz Mongoose M4 + 2x 2.3 GHz Cortex-A75 + 4x 1.9 GHz Cortex-A55),Adreno 640  Mali-G76 MP12,128 or 512 GB,microSD up to 512 GB,8 GB,Android 9.0 "Pie",One UI,149.9 x 70.4 x 7.8 mm,157g,3400 mAh,USB-C 15W  Wireless 15W,6.1" 3040x1440 AMOLED,Triple 12 MP + 12 MP + 16 MP (rear camera) 10 MP (front camera),Under screen,Yes
Samsung Galaxy S10+,Snapdragon 855Exynos 9820 Octa,Octa-coreSnapdragon 855 (1x 2.8 GHz + 3x 2.4 GHz + 4x 1.7 GHz Kryo 485)  Exynos 9820 Octa (2x 2.7 GHz Mongoose M4 + 2x 2.3 GHz Cortex-A75 + 4x 1.9 GHz Cortex-A55),Adreno 640  Mali-G76 MP12,128/512/1024 GB,microSD up to 512 GB,8/12 GB,Android 9.0 "Pie",One UI,157.6 x 74.1 x 7.8 mm,175g  198g (ceramic),4100 mAh,USB-C 15W  Wireless 15W,6.4" 3040x1440 AMOLED,Triple 12 MP + 12 MP + 16 MP (rear camera) Dual 10 MP + 8 MP (front camera),Under screen,Yes
Samsung Galaxy S10 5G,Snapdragon 855Exynos 9820 Octa,Octa-coreSnapdragon 855 (1x 2.8 GHz + 3x 2.4 GHz + 4x 1.7 GHz Kryo 485)  Exynos 9820 Octa (2x 2.7 GHz Mongoose M4 + 2x 2.3 GHz Cortex-A75 + 4x 1.9 GHz Cortex-A55),Adreno 640  Mali-G76 MP12,256 GB,No,8 GB,Android 9.0 "Pie",One UI,162.6 x 77.1 x 7.9 mm,198g,4500 mAh,USB-C 25W  Wireless 15W,6.7" 3040x1440 AMOLED,Quad 12 MP + 12 MP + 16 MP + ToF (rear camera) Dual 10 MP + ToF (front camera),Under screen,Yes
Samsung Galaxy Note 10,Snapdragon 855  Exynos 9825 Octa,Octa-coreSnapdragon 855 (1x 2.8 GHz + 3x 2.4 GHz + 4x 1.7 GHz Kryo 485)  Exynos 9825 Octa (2x 2.7 GHz Mongoose M4 + 2x 2.4 GHz Cortex-A75 + 4x 1.9 GHz Cortex-A55),Adreno 640  Mali-G76 MP12,256 GB,No,8 GB,Android 9.0 "Pie",One UI,151 x 71.8 x 7.9 mm,168g,3500 mAh,USB-C 25W  Wireless 20W,6.3" 2280x1080 AMOLED,Triple 12 MP + 12 MP + 16 MP (rear camera) 10 MP (front camera),Under screen,Yes
Samsung Galaxy Note 10+,Snapdragon 855  Exynos 9825 Octa,Octa-coreSnapdragon 855 (1x 2.8 GHz + 3x 2.4 GHz + 4x 1.7 GHz Kryo 485)  Exynos 9825 Octa (2x 2.7 GHz Mongoose M4 + 2x 2.4 GHz Cortex-A75 + 4x 1.9 GHz Cortex-A55),Adreno 640  Mali-G76 MP12,256 or 512 GB,microSD up to 512 GB,12 GB,Android 9.0 "Pie",One UI,162.3 x 77.2 x 7.9 mm,196g (4G)  198g (5G),4300 mAh,USB-C 45W  Wireless 20W,6.8" 3040x1440 AMOLED,Quad 12 MP + 12 MP + 16 MP + ToF (rear camera) 10 MP (front camera),Under screen,Yes
Samsung Galaxy Fold,Snapdragon 855,Octa-core2.8 GHz (1x2.84 GHz + 3x 2.42 GHz + 4x 1.8 GHz Kryo 485),Adreno 640,512 GB,No,12 GB,Android 9.0 "Pie",One UI,Unfolded: 160.9 x 117.9 x 6.9 mm  Folded:  160.9 x 62.9 x 15.5 mm,263g,4380 mAh,USB-C 15W  Wireless 15W,7.3" 2152x1536 AMOLED   4.6" 1680x720 AMOLED (cover),Triple 12 MP + 12 MP + 16 MP (rear camera) Dual 10 MP (cover) + 8 MP (front camera),Side-mounted,-
Motorola Razr (2020),Snapdragon 710,Octa-core2.2 GHz (2x2.2 GHz Kryo 360 Gold + 6x1.7 GHz Kryo 360 Silver),Adreno 616,128 GB,No,6 GB,Android 9.0 "Pie",-,Unfolded: 172 x 72 x 6.9 mm  Folded:  94 x 72 x 14 mm,205g,2510 mAh,USB-C 15W,6.2" 2142x876 P-OLED   2.7" 800x600 G-OLED (cover),16 MP (rear camera) 5 MP (front camera),Front-mounted,-
Xiaomi Mi MIX Alpha,Snapdragon 855+,Octa-core2.96 GHz (1x2.96 GHz + 3x 2.42 GHz + 4x 1.8 GHz Kryo 485),Adreno 640,512 GB,No,12 GB,Android 10,MIUI 11,154.4 x 72.3 x 10.4 mm,241g,4050 mAh,USB-C 40W,7.9" 2250x2088 AMOLED,Triple 108 MP + 20 MP + 12 MP,Under display,-
Huawei Mate X,HiSilicon Kirin 980,Octa-core2.6 GHz (2x2.6 GHz Cortex-A76 + 2x1.92 GHz Cortex-A76 + 4x1.8 GHz Cortex-A55),Mali-G76 MP10,512 GB,up to 256 GB,8 GB,Android 9.0 "Pie",EMUI 9.1,Unfolded: 161.3 x 146.2 x 5.4 mm  Folded:  161.3 x 78.3 x 11 mm,295g,4500 mAh,USB-C 55W,8.0" 2480x2200 AMOLED   6.6" 2480x1148 AMOLED (cover),Quad 40 MP + 16 MP + 8 MP + ToF,Side-mounted,-
Huawei P30,HiSilicon Kirin 980,Octa-core2.6 GHz (2x2.6 GHz Cortex-A76 + 2x1.92 GHz Cortex-A76 + 4x1.8 GHz Cortex-A55),Mali-G76 MP10,64/128/256 GB,up to 256 GB,6/8 GB,Android 9.0 "Pie",EMUI 9.1,149.1 x 71.4 x 7.6 mm,165g,3650 mAh,USB-C 22.5W,6.1" 2340x1080 OLED,Triple 40 MP + 16 MP + 8 MP (rear camera) 32 MP (front camera),Under screen,Yes
Huawei P30 Pro,HiSilicon Kirin 980,Octa-core2.6 GHz (2x2.6 GHz Cortex-A76 + 2x1.92 GHz Cortex-A76 + 4x1.8 GHz Cortex-A55),Mali-G76 MP10,128/256/512 GB,up to 256 GB,6/8 GB,Android 9.0 "Pie",EMUI 9.1,158 x 73.4 x 8.4 mm,192g,4200 mAh,USB-C 40W  Wireless 15W,6.5" 2340x1080 OLED,Quad 40 MP + 20 MP + 8 MP + ToF (rear camera) 32 MP (front camera),Under screen,Yes
Huawei Mate 20 X 5G,HiSilicon Kirin 980,Octa-core2.6 GHz (2x2.6 GHz Cortex-A76 + 2x1.92 GHz Cortex-A76 + 4x1.8 GHz Cortex-A55),Mali-G76 MP10,128 GB,up to 256 GB,6 GB,Android 9.0 "Pie",EMUI 9,174.6 x 85.4 x 8.2 mm,232g,4200 mAh,USB-C 40W,7.2" 2244x1080 OLED,Triple 40 MP + 20 MP + 8 MP (rear camera) 24 MP (front camera),Rear-mounted,Yes
Huawei Mate 30,HiSilicon Kirin 990,Octa-core2.86 GHz (2x2.86 GHz Cortex-A76 + 2x2.09 GHz or 2x2.36 GHz (5G) Cortex-A76 + 4x1.86 GHz or 2x1.95 GHz (5G) Cortex-A55),Mali-G76 MP16,128 GB,up to 256 GB,6/8 GB,Android 10,EMUI 10,160.8 x 76.1 x 8.4 mm,196g,4200 mAh,USB-C 40WWireless 27W,6.6" 2340x1080 OLED,Triple 40 MP + 16 MP + 8 MP (rear camera) 24 MP (front camera),Under screen,Yes
Huawei Mate 30 Pro,HiSilicon Kirin 990,Octa-core2.86 GHz (2x2.86 GHz Cortex-A76 + 2x2.09 GHz or 2x2.36 GHz (5G) Cortex-A76 + 4x1.86 GHz or 2x1.95 GHz (5G) Cortex-A55),Mali-G76 MP16,128 or 256 GB,up to 256 GB,8 GB,Android 10,EMUI 10,158.1 x 73.1 x 8.8 mm,198g,4500 mAh,USB-C 40WWireless 27W,6.5" 2400x1176 OLED,Quad 2x 40 MP + 8 MP + ToF (rear camera) 32 MP + ToF (front camera),Under screen,Yes
Huawei Nova 5i,HiSilicon Kirin 710,Octa-core 2.2 GHz (4x 2.2 GHz Cortex-A73 + 4x 1.7 GHz Cortex-A53),Mali-G51 MP4,128 GB,microSD up to 512 GB,6/8 GB,Android 9.0 "Pie",EMUI 9.1,159.1 x 75.9 x 8.3 mm,178g,4000 mAh,USB-C 10W,6.4" 2310x1080 IPS LCD,Quad 24 MP + 8 MP + 2x 2 MP (rear camera) 24 MP (front camera),Rear-mounted,Yes
Huawei Nova 5,HiSilicon Kirin 810,Octa-core 2.7 GHz (2x 2.7 GHz Cortex-A76 + 6x 1.9 GHz Cortex-A55),Mali-G52 MP6,128 GB,up to 256 GB,8 GB,Android 9.0 "Pie",EMUI 9.1,157.4 x 74.8 x 7.3 mm,171g,3500 mAh,USB-C 40W,6.4" 2340x1080 OLED,Quad 48 MP + 8 MP + 2x 2 MP (rear camera) 32 MP (front camera),Under screen,Yes
Huawei Nova 5i Pro,HiSilicon Kirin 810,Octa-core 2.7 GHz (2x 2.7 GHz Cortex-A76 + 6x 1.9 GHz Cortex-A55),Mali-G52 MP6,128 or 256 GB,microSD up to 512 GB,6/8 GB,Android 9.0 "Pie",EMUI 9.1,156.1 x 73.9 x 8.3 mm,178g,4000 mAh,USB-C 20W,6.3" 2340x1080 OLED,Quad 48 MP + 8 MP + 2x 2 MP (rear camera) 32 MP (front camera),Rear-mounted,Yes
Huawei Nova 5 Pro,HiSilicon Kirin 980,Octa-core 2.6 GHz (2x 2.6 GHz Cortex-A76 + 2x 1.92 GHz Cortex-A76 + 4x 1.8 GHz Cortex-A55),Mali-G76 MP10,128 or 256 GB,up to 256 GB,8 GB,Android 9.0 "Pie",EMUI 9.1,157.4 x 74.8 x 7.3 mm,171g,3500 mAh,USB-C 40W,6.4” 2340x1080 OLED,Quad 48 MP + 16 MP + 2x 2 MP (rear camera) 32 MP (front camera),Under screen,Yes
Honor 20,HiSilicon Kirin 980,Octa-core 2.6 GHz (2x 2.6 GHz Cortex-A76 + 2x 1.92 GHz Cortex-A76 + 4x 1.8 GHz Cortex-A55),Mali-G76 MP10,128 GB,No,6/8 GB,Android 9.0 "Pie",Magic 2.1,154.3 x 74 x 7.9 mm,174g,3750 mAh,USB-C 22.5W,6.3" 2340x1080 IPS LCD,Quad 48 MP + 16 MP + 2x 2 MP (rear) 32 MP (front),Side-mounted,Yes
Honor 20 Pro,HiSilicon Kirin 980,Octa-core 2.6 GHz (2x 2.6 GHz Cortex-A76 + 2x 1.92 GHz Cortex-A76 + 4x 1.8 GHz Cortex-A55),Mali-G76 MP10,128 or 256 GB,No,8 GB,Android 9.0 "Pie",Magic 2.1,154.6 x 74 x 8.4 mm,182g,4000 mAh,USB-C 22.5W,6.3" 2340x1080 IPS LCD,Quad 48 MP + 16 MP + 8 MP + 2 MP (rear) 32 MP (front),Side-mounted,Yes
Honor 20S,HiSilicon Kirin 810,Octa-core 2.3 GHz (2x 2.3 GHz Cortex-A76 + 6x 1.9 GHz Cortex-A55),Mali-G52 MP6,128 GB,No,6/8 GB,Android 9.0 "Pie",Magic 2.1,154.3 x 74 x 7.9 mm,172g,3750 mAh,USB-C 20W,6.3" 2340x1080 IPS LCD,Triple 48 MP + 8 MP + 2 MP (rear) 32 MP (front),Side-mounted,Yes
Honor V30,HiSilicon Kirin 990,Octa-core2.86 GHz (2x2.86 GHz Cortex-A76 + 2x2.09 GHz or 2x2.36 GHz (5G) Cortex-A76 + 4x1.86 GHz or 2x1.95 GHz (5G) Cortex-A55),Mali-G76 MP16,128 GB,No,6/8 GB,Android 10,Magic UI 3,162.7 x 75.8 x 8.9 mm,213g,4200mAh,USB-C 40W,6.6" 2400x1080 IPS LCD,Triple 40 MP + 2x 8 MP (rear) Dual 32 MP + 8 MP (front),Side-mounted,Yes
Honor V30 Pro,HiSilicon Kirin 990,Octa-core2.86 GHz (2x2.86 GHz Cortex-A76 + 2x2.09 GHz or 2x2.36 GHz (5G) Cortex-A76 + 4x1.86 GHz or 2x1.95 GHz (5G) Cortex-A55),Mali-G76 MP16,128 or 256 GB,No,8 GB,Android 10,Magic UI 3,162.7 x 75.8 x 8.9 mm,206g,4100mAh,USB-C 40W,6.6" 2400x1080 IPS LCD,Triple 40 MP + 12 MP + 8 MP (rear) Dual 32 MP + 8 MP (rear),Side-mounted,Yes
Huawei Nova 6,HiSilicon Kirin 990,Octa-core2.86 GHz (2x2.86 GHz Cortex-A76 + 2x2.09 GHz or 2x2.36 GHz (5G) Cortex-A76 + 4x1.86 GHz or 2x1.95 GHz (5G) Cortex-A55),Mali-G76 MP16,128 GB,No,8 GB,Android 10,EMUI 10,162.6 x 75.7 x 8.6 mm,197g,4100mAh,USB-C 40W,6.6" 2400x1080 IPS LCD,Triple 40 MP + 2x 8 MP (rear) Dual 32 MP + 8 MP (front),Side-mounted,Yes
Huawei Nova 6 5G,HiSilicon Kirin 990,Octa-core2.86 GHz (2x2.86 GHz Cortex-A76 + 2x2.09 GHz or 2x2.36 GHz (5G) Cortex-A76 + 4x1.86 GHz or 2x1.95 GHz (5G) Cortex-A55),Mali-G76 MP16,128 or 256 GB,No,8 GB,Android 10,EMUI 10,162.7 x 75.8 x 9 mm,212g,4200 mAh,USB-C 40W,6.6" 2400x1080 IPS LCD,Triple 40 MP + 2x 8 MP (rear) Dual 32 MP + 8 MP (front),Side-mounted,Yes
Apple iPhone 11,Apple A13,Hexa-core2.65 GHz (2x2.65 GHz Lightning + 4x? GHz Thunder),Apple-designed GPU,64/128/256 GB,No,4 GB,iOS 13,-,150.9 x 75.7 x 8.3 mm,194g,3110 mAh,Lightning 18WWireless,6.1" 1792x828 IPS LCD,Dual 12 MP (rear camera) 12 MP (front camera),No,Face ID
Apple iPhone 11 Pro,Apple A13,Hexa-core2.65 GHz (2x2.65 GHz Lightning + 4x? GHz Thunder),Apple-designed GPU,64/256/512 GB,No,4 GB,iOS 13,-,144 x 71.4 x 8.1 mm,188g,3046 mAh,Lightning 18WWireless,5.8" 2436x1125 OLED,Triple 12 MP (rear camera) 12 MP (front camera),No,Face ID
Apple iPhone 11 Pro Max,Apple A13,Hexa-core2.65 GHz (2x2.65 GHz Lightning + 4x? GHz Thunder),Apple-designed GPU,64/256/512 GB,No,4 GB,iOS 13,-,158 x 77.8 x 8.1 mm,226g,3969 mAh,Lightning 18WWireless,6.5" 2688x1242 OLED,Triple 12 MP (rear camera) 12 MP (front camera),No,Face ID
LG G8 ThinQ,Snapdragon 855,Octa-core 2.84 GHz (1x2.84 GHz + 3x2.42 GHz + 4x1.8 GHz Kryo 485),Adreno 640,128 GB,microSD up to 1 TB,6 GB,Android 9.0 "Pie",LG UX,151.9 x 71.8 x 8.4 mm,167g,3500 mAh,USB-C 21W  Wireless 9W,6.1" 3120x1440 P-OLED,Dual/Triple (market dependent) 12 MP + 16 MP + 12 MP (rear camera) Dual 8 MP + ToF (front camera),Rear-mounted,Yes
LG G8s ThinQ,Snapdragon 855,Octa-core 2.84 GHz (1x2.84 GHz + 3x2.42 GHz + 4x1.8 GHz Kryo 485),Adreno 640,64 or 128 GB,microSD up to 1 TB,6 GB,Android 9.0 "Pie",LG UX,155.3 x 76.6 x 8 mm,181g,3550 mAh,USB-C 18W  Wireless ?W,6.2" 2248x1080 OLED,Triple 12 MP + 16 MP + 12 MP (rear camera) Dual 8 MP + ToF (front camera),Rear-mounted,Yes
LG G8x ThinQ,Snapdragon 855,Octa-core 2.84 GHz (1x2.84 GHz + 3x2.42 GHz + 4x1.8 GHz Kryo 485),Adreno 640,128 GB,microSD up to 1 TB,6 GB,Android 9.0 "Pie",LG UX,159.3 x 75.8 x 8.4 mm,192g,4000 mAh,USB-C 21W  Wireless 9W,6.4" 2340x1080 OLED,Dual 12 MP + 13 MP (rear camera) 32 MP (front camera),Under screen,Yes
LG V50 ThinQ,Snapdragon 855,Octa-core 2.84 GHz (1x2.84 GHz + 3x2.42 GHz + 4x1.8 GHz Kryo 485),Adreno 640,128 GB,microSD up to 1 TB,6 GB,Android 9.0 "Pie",LG UX,159.2 x 76.1 x 8.3 mm,183g,4000 mAh,USB-C 18W  Wireless 10W,6.4" 3120x1440 OLED,Triple 12 MP + 12 MP + 16 MP (rear camera) Dual 8 MP + 5 MP (front camera),Rear-mounted,Yes
LG Q70,Snapdragon 675,Octa-core 2.0 GHz (2x2.0 GHz Kryo 460 Gold + 6x1.7 GHz Kryo 460 Silver),Adreno 612,64 GB,microSD up to 1 TB,4 GB,Android 9.0 "Pie",LG UX,162.1 x 76.8 x 8.3 mm,198g,4000 mAh,USB-C 15W,6.4" 2310x1080 IPS LCD,Triple 32 MP + 13 MP + 5 MP (rear camera) 16 MP (front camera),Rear-mounted,Yes
Sharp Aquos Zero,Snapdragon 845,Octa-core2.6 GHz (4x2.6 GHz Kryo 385 Gold + 4x1.7 GHz Kryo 385 Silver),Adreno 630,128 GB,No,6 GB,Android 9.0 "Pie",-,154 x 73 x 8.8 mm,146g,3130 mAh,USB-C 18W,6.2" 2992x1440 OLED,22 MP (rear camera) 8 MP (front camera),Rear-mounted,Yes
Sony Xperia 1,Snapdragon 855,Octa-core2.8 GHz (1x2.84 GHz + 3x2.42 GHz + 4x1.8 GHz Kryo 485),Adreno 640,64 or 128 GB,microSD up to 1 TB,6 GB,Android 9.0 "Pie",-,167 x 72 x 8.2 mm,178g,3330 mAh,USB-C 18W,6.5" 3840x1644 OLED,Triple 12 MP (rear camera) 8 MP (front camera),Side-mounted,Yes
Sony Xperia 5,Snapdragon 855,Octa-core2.8 GHz (1x2.84 GHz + 3x2.42 GHz + 4x1.8 GHz Kryo 485),Adreno 640,128 GB,microSD up to 1 TB,6 GB,Android 9.0 "Pie",-,158 x 68 x 8.2 mm,164g,3140 mAh,USB-C 18W,6.1" 2520x1080 OLED,Triple 12 MP (rear camera) 8 MP (front camera),Side-mounted,Yes
Sony Xperia 10 Plus,Snapdragon 636,Octa-core1.8 GHz Kryo 260,Adreno 509,64 GB,microSD up to 1 TB,4 GB  6 GB (China only),Android 9.0 "Pie",-,167 x 73 x 8.3 mm,180g,3000 mAh,USB-C 18W,6.5" 2520x1080 IPS LCD,Dual 12 MP + 8 MP (rear camera) 8 MP (front camera),Side-mounted,Yes
Sony Xperia 10,Snapdragon 630,Octa-core2.2 GHz Cortex-A53,Adreno 509,64 GB,microSD up to 1 TB,3 GB  4 GB (China only),Android 9.0 "Pie",-,155.7 x 68 x 8.4 mm,162g,2870 mAh,USB-C 18W,6.0" 2520x1080 IPS LCD,Dual 13 MP + 5 MP (rear camera) 8 MP (front camera),Side-mounted,Yes
Sony Xperia L3,MediaTek Helio P22,Octa-core2.0 GHz Cortex-A53,PowerVR GE8320,32 GB,microSD up to 1 TB,3 GB,Android 8.0 "Oreo",-,154 x 72 x 8.9 mm,156g,3300 mAh,USB-C ?W,5.7" 1440x720 IPS LCD,Dual 13 MP + 2 MP (rear camera) 8 MP (front camera),Side-mounted,No
Xiaomi Black Shark 2,Snapdragon 855,Octa-core2.84 GHz (1x2.84 GHz + 3x2.41 GHz + 4x1.78 GHz Kryo 485),Adreno 640,128 or 256 GB,No,6/8/12 GB,Android 9.0 "Pie",Blackshark UI,163.6 x 75 x 8.5 mm,205g,4000 mAh,USB-C 27W,6.4" 2340x1080 AMOLED,Dual 48 MP + 12 MP (rear camera) 20 MP (front camera),Under screen,Yes
Asus ROG Phone II,Snapdragon 855+,Octa-core2.96 GHz (1x2.96 GHz + 3x2.42 GHz + 4x1.8 GHz Kryo 485,Adreno 640,256 or 512 GB,No,12 GB,Android 9.0 "Pie",ROG UI,171 x 77.6 x 9.5 mm,240g,6000 mAh,USB-C 30W,6.6” 2340x1080 120 Hz AMOLED,Dual 48 MP + 13 MP (rear camera) 24 MP (front camera),Under screen,Yes
ZTE Axon 10 Pro,Snapdragon 855,Octa-core2.84 GHz (1x2.84 GHz + 3x2.41 GHz + 4x1.78 GHz Kryo 485),Adreno 640,128/256 GB,MicroSD up to 2 TB,6/8/12 GB,Android 9.0 "Pie",MiFavor 9.1,159.2 x 73.4 x 7.9mm,175g,4000 mAh,USB-C,6.47'' 2340x1080 AMOLED,Triple 48 MP + 20 MP + 8 MP (rear camera) 20 MP (front camera),Under screen,Yes
ZTE Axon 10 Pro 5G,Snapdragon 855,Octa-core2.84 GHz (1x2.84 GHz + 3x2.41 GHz + 4x1.78 GHz Kryo 485),Adreno 640,128/256 GB,MicroSD up to 2 TB,6/12 GB,Android 9.0 "Pie",MiFavor 9.1,159.2 x 73.4 x 7.9mm,175g,4000 mAh,USB-C,6.47'' 2340x1080 AMOLED,Triple 48 MP + 20 MP + 8 MP (rear camera) 20 MP (front camera),Under screen,Yes
ZTE Nubia Red Magic 3,Snapdragon 855,Octa-core2.84 GHz (1x2.84 GHz + 3x2.41 GHz + 4x1.78 GHz Kryo 485),Adreno 640,64/128/256 GB,No,6/8/12 GB,Android 9.0 "Pie",Redmagic 2.0,171.7 x 78.5 x 9.7 mm,215g,5000 mAh,USB-C 27W,6.7" 2340x1080 90 Hz AMOLED,48 MP (rear camera) 16 MP (front camera),Rear-mounted,Yes
ZTE Nubia Red Magic 3S,Snapdragon 855+,Octa-core2.96 GHz (1x2.96 GHz + 3x2.42 GHz + 4x1.8 GHz Kryo 485,Adreno 640,128 GB,No,8 GB,Android 9.0 "Pie",Redmagic 2.0,171.7 x 78.5 x 9.7 mm,215g,5000 mAh,USB-C 27W,6.7" 2340x1080 90 Hz AMOLED,48 MP (rear camera) 16 MP (front camera),Rear-mounted,Yes
ZTE Nubia Z20,Snapdragon 855+,Octa-core2.96 GHz (1x2.96 GHz + 3x2.42 GHz + 4x1.8 GHz Kryo 485),Adreno 640,128 or 512 GB,No,6/8 GB,Android 9.0 "Pie",Nubia UI 7,158.6 x 75.2 x 9.2 mm,186g,4000 mAh,USB-C 27W,6.4" 2340x1080 AMOLED + 5.1" 2340x1080 AMOLED,Triple 48 MP + 16 MP + 8 MP,Dual side-mounted,Yes
Lenovo Z6 Pro,Snapdragon 855,Octa-core2.84 GHz (1x2.84 GHz + 3x2.42 GHz + 4x1.8 GHz Kryo 485),Adreno 640,128/256/512 GB,microSD up to 512 GB,6/8/12 GB,Android 9.0 "Pie",ZUI 11,157.5 x 74.6 x 8.7 mm,185g,4000 mAh,USB-C 18W,6.4" 2340x1080 AMOLED,Quad 48 MP + 16 MP + 8 MP + 2 MP + ToF (rear camera) 32 MP (front camera),Under-screen,Yes
Lenovo Z6,Snapdragon 730,Octa-core2.2 GHz (2x2.2 GHz Kryo 470 Gold + 6x1.8 GHz Kryo 470 Silver),Adreno 618,64 or 128 GB,microSD up to 512 GB,6/8 GB,Android 9.0 "Pie",ZUI 11,157 x 74.5 x 8 mm,159g,4000 mAh,USB-C 15W,6.4" 2340x1080 AMOLED,Triple 24 MP + 8 MP + 5 MP (rear camera) 16 MP (front camera),Under-screen,Yes
Google Pixel 3a,Snapdragon 670,Octa-core2 GHz (2x2.0 GHz Kryo 360 Gold + 6x1.7 GHz Kryo 360 Silver),Adreno 615,64 GB,No,4 GB,Android 9.0 "Pie",-,151.3 x 70.1 x 8.2 mm,147g,3000 mAh,USB-C 18W,5.6" 2220x1080 OLED,12 MP (rear camera) 8 MP (front camera),Rear-mounted,Yes
Google Pixel 3a XL,Snapdragon 670,Octa-core2 GHz (2x2.0 GHz Kryo 360 Gold + 6x1.7 GHz Kryo 360 Silver),Adreno 615,64 GB,No,4 GB,Android 9.0 "Pie",-,160.1 x 76.1 x 8.2 mm,167g,3700 mAh,USB-C 18W,6.0" 2160x1080 OLED,12 MP (rear camera) 8 MP (front camera),Rear-mounted,Yes
Google Pixel 4,Snapdragon 855,Octa-core2.84 GHz (1x2.84 GHz + 3x2.42 GHz + 4x1.8 GHz Kryo 485),Adreno 640,64 or 128 GB,No,6 GB,Android 10,-,147.1 x 68.8 x 8.2 mm,162g,2800 mAh,USB-C 18W,5.7" 2280x1080 90 Hz OLED,Dual 12 MP + 16 MP (rear camera) 8 MP (front camera),No,Yes IR
Google Pixel 4 XL,Snapdragon 855,Octa-core2.84 GHz (1x2.84 GHz + 3x2.42 GHz + 4x1.8 GHz Kryo 485),Adreno 640,64 or 128 GB,No,6 GB,Android 10,-,160.4 x 75.1 x 8.2 mm,193g,3700 mAh,USB-C 18W,6.3" 3040x1440 90 Hz OLED,Dual 12 MP + 16 MP (rear camera) 8 MP (front camera),No,Yes IR
OnePlus 7,Snapdragon 855,Octa-core2.84 GHz (1x2.84 GHz + 3x2.42 GHz + 4x1.8 GHz Kryo 485),Adreno 640,128 or 256 GB,No,6/8 GB,Android 9.0 "Pie",OxygenOS 9.5.4,157.7 x 74.8 x 8.2 mm,182g,3700 mAh,USB-C 20W,6.4" 2340x1080 AMOLED,Dual 48 MP + 5 MP (rear) 16 MP (front),Under screen,Yes
OnePlus 7 Pro,Snapdragon 855,Octa-core2.84 GHz (1x2.84 GHz + 3x2.42 GHz + 4x1.8 GHz Kryo 485),Adreno 640,128 or 256 GB,No,6/8/12 GB,Android 9.0 "Pie",OxygenOS 9.5.7,162.6 x 75.9 x 8.8 mm,206g,4000 mAh,USB-C 30W,6.7" 3120x1440 90 Hz AMOLED,Triple 48 MP + 16 MP + 8 MP (rear) 16 MP (front),Under screen,Yes
OnePlus 7T,Snapdragon 855+,Octa-core2.96 GHz (1x2.96 GHz + 3x2.42 GHz + 4x1.8 GHz Kryo 485),Adreno 640,128 or 256 GB,No,8 GB,Android 10,Oxygen OS 10,160.9 x 74.4 x 8.1 mm,190g,3800 mAh,USB-C 30W,6.6" 2400x1080 90 Hz AMOLED,Triple 48 MP + 16 MP + 12 MP (rear) 16 MP (front),Under screen,Yes
OnePlus 7T Pro,Snapdragon 855+,Octa-core2.96 GHz (1x2.96 GHz + 3x2.42 GHz + 4x1.8 GHz Kryo 485),Adreno 640,256 GB,No,8 GB12 GB (McLaren Edition),Android 10,Oxygen OS 10,162.6 x 75.9 x 8.8 mm,206g,4085 mAh,USB-C 30W,6.7" 3120x1440 90 Hz AMOLED,Triple 48 MP + 16 MP + 8 MP (rear) 16 MP (front),Under screen,Yes
Asus ZenFone 6,Snapdragon 855,Octa-core2.84 GHz (1x2.84 GHz + 3x2.42 GHz + 4x1.8 GHz Kryo 485),Adreno 640,64/128/256 GB,microSD up to 1 TB,6/8 GB,Android 9.0 "Pie",ZenUI 6,159.1 x 75.4 x 9.2 mm,190g,5000 mAh,USB-C 18W,6.4" 2340x1080 IPS LCD,Dual 48 MP + 16 MP (rotating camera),Rear-mounted,Yes
Moto Z4,Snapdragon 675,Octa-core2.0 GHz (2x 2.0 GHz Kryo 460 Gold + 6x 1.7 GHz Kryo 460 Silver),Adreno 612,128 GB,microSD up to 1 TB,4 GB,Android 9.0 "Pie",-,158 x 75 x 7.4 mm,165g,3600 mAh,USB-C 15W,6.4" 2340x1080 OLED,48 MP (rear) 25 MP (front),Under screen,Yes
Motorola One Vision,Exynos 9609,Octa-core2.2 GHz,Mali-G72 MP3,128 GB,microSD up to 1 TB,4 GB,Android 9.0 "Pie"  Android One,-,160.1 x 71.2 x 8.7 mm,180g,3500 mAh,USB-C 15W,6.3" 2520x1080 LTPS IPS LCD,Dual 48 MP + 5 MP (rear) 25 MP (front),Rear-mounted,Yes
Motorola One Action,Exynos 9609,Octa-core2.2 GHz,Mali-G72 MP3,128 GB,microSD up to 512 GB,4 GB,Android 9.0 "Pie"  Android One,-,160.1 x 71.2 x 8.7 mm,176g,3500 mAh,USB-C 10W,6.3" 2520x1080 LTPS IPS LCD,Triple 16 MP + 12 MP + 5 MP (rear) 12 MP (front),Rear-mounted,Yes
Motorola One Zoom,Snapdragon 675,Octa-core2.0 GHz (2x 2.0 GHz Kryo 460 Gold + 6x 1.7 GHz Kryo 460 Silver),Adreno 612,128 GB,microSD up to 1 TB,4 GB,Android 9.0 "Pie"  Android One,-,158 x 75 x 8.8 mm,190g,4000 mAh,USB-C 15W,6.4" 2340x1080 AMOLED,Quad 48 MP + 16 MP + 8 MP + 5 MP (rear) 25 MP (front),Under screen,Yes
Moto G7 Play,Snapdragon 632,Octa-core (4x 1.8 GHz Kryo 250 Gold + 4x 1.8 GHz Kryo 250 Silver),Adreno 506,32 GB,microSD up to 1 TB,2 GB,Android 9.0 "Pie",-,147.3 x 71.5 x 8 mm,149g,3000 mAh,USB-C 10W,5.7" 1512x720 IPS LCD,13 MP (rear camera) 8 MP (front camera),Rear-mounted,Yes
Moto G7 Power,Snapdragon 632,Octa-core (4x 1.8 GHz Kryo 250 Gold + 4x 1.8 GHz Kryo 250 Silver),Adreno 506,32 or 64 GB,microSD up to 1 TB,3/4 GB,Android 9.0 "Pie",-,159.4 x 76 x 9.3 mm,193g,5000 mAh,USB-C 15W,6.2" 1570x720 IPS LCD,12 MP (rear camera) 8 MP (front camera),Rear-mounted,Yes
Moto G7,Snapdragon 632,Octa-core (4x 1.8 GHz Kryo 250 Gold + 4x 1.8 GHz Kryo 250 Silver),Adreno 506,64 GB,microSD up to 1 TB,4 GB,Android 9.0 "Pie",-,157 x 75.3 x 8 mm,172g,3000 mAh,USB-C 15W,6.2" 2270x1080 LTPS IPS LCD,Dual 12 MP + 5 MP (rear camera) 8 MP (front camera),Rear-mounted,Yes
Moto G7 Plus,Snapdragon 636,Octa-core (4x 1.8 GHz Kryo 260 Gold + 4x 1.6 GHz Kryo 260 Silver),Adreno 509,64 GB,microSD up to 1 TB,4 GB,Android 9.0 "Pie",-,157 x 75.3 x 8.3 mm,176g,3000 mAh,USB-C 27W,6.2" 2270x1080 LTPS IPS LCD,Dual 16 MP + 5 MP (rear camera) 12 MP (front camera),Rear-mounted,Yes
Moto G8 Play,MediaTek Helio P70M,Octa-core (4x 2.1 GHz Cortex-A73 + 4x 2.0 GHz Cortex-A53),Mali-G72 MP3,32 GB,microSD up to 512 GB,3 GB,Android 9.0 "Pie",-,157.6 x 75.4 x 9 mm,183g,4000 mAh,microUSB 2.0,6.2" 1520x720 IPS LCD,Triple 13 MP + 8 MP + 2 MP (rear camera) 8 MP (front camera),Rear-mounted,Yes
Moto G8 Plus,Snapdragon 665,Octa-core (4x 2.0 GHz Kryo 260 Gold + 4x 1.8 GHz Kryo 260 Silver),Adreno 610,64 GB,microSD up to 512 GB,4 GB,Android 9.0 "Pie",-,158.4 x 75.8 x 9.1 mm,188g,4000 mAh,USB-C 18W,6.3" 2280x1080 LTPS IPS LCD,Triple 48 MP + 16 MP + 5 MP (rear camera) 25 MP (front camera),Rear-mounted,Yes
Vivo NEX 3,Snapdragon 855+,Octa-core2.96 GHz (1x2.96 GHz + 3x2.42 GHz + 4x1.8 GHz Kryo 485),Adreno 640,128 GB,No,8 GB,Android 9.0 "Pie",Funtouch 9.1,167.4 x 76.1 x 9.4 mm,217g,4500 mAh,USB-C 44W,6.9" 2256x1080 AMOLED,Triple 64 MP + 2x 2 MP (rear camera) 16 MP (front camera),Under screen,Yes
Vivo NEX 3 5G,Snapdragon 855+,Octa-core2.96 GHz (1x2.96 GHz + 3x2.42 GHz + 4x1.8 GHz Kryo 485),Adreno 640,256 GB,No,8/12 GB,Android 9.0 "Pie",Funtouch 9.1,167.4 x 76.1 x 9.4 mm,219g,4500 mAh,USB-C 44W,6.9" 2256x1080 AMOLED,Triple 64 MP + 2x 2 MP (rear camera) 16 MP (front camera),Under screen,Yes
Vivo S5,Snapdragon 712,Octa-core2x2.3 GHz Kryo 360 Gold +6x1.7 GHz Kryo 360 Silver,Adreno 616,128/256 GB,No,8 GB,Android 9.0 "Pie",Funtouch 9,157.9 x 73.9 x 8.64 mm,188g,4100 mAh,USB-C 22.5W,6.44''2400x1080 AMOLED,Quad 48 MP + 8 MP + 2 MP + 5 MP (rear) 32 MP (front),Under screen,Yes
Vivo iQOO,Snapdragon 855,Octa-core2.8 GHz (1x 2.84 GHz + 3x 2.41 GHz + 4x 1.78 GHz Kryo 485),Adreno 640,128 or 256 GB,No,6/8/12 GB,Android 9.0 "Pie",Funtouch 9,157.7 x 75.2 x 8.5 mm,196g,4000 mAh,USB-C 22.5 or 44W MAX,6.4" 2340x1080 AMOLED,Triple 12 MP + 13 MP + 2 MP (rear camera) 12 MP (front camera),Under screen,Yes
Vivo iQOO Neo,Snapdragon 845,Octa-core CPU4x2.8 GHz Kryo 385 Gold + 4x1.8 GHz Kyro 385 Silver,Adreno 630,64 or 128 GB,No,6/8 GB,Android 9.0 "Pie",Funtouch 9,159.5 x 75.2 x 8.1 mm,199g,4500 mAh,USB-C 22.5W MAX,6.4" 2340x1080 AMOLED,Triple 12 MP + 8 MP + 2 MP (rear camera) 12 MP (front camera),Under screen,Yes
Vivo iQOO Neo 855,Snapdragon 855,Octa-core2.8 GHz (1x 2.84 GHz + 3x 2.41 GHz + 4x 1.78 GHz Kryo 485),Adreno 640,64/128/256 GB,No,6/8 GB,Android 9.0 "Pie",Funtouch 9,159.5 x 75.2 x 8.1 mm,199g,4500 mAh,USB-C 22.5W MAX,6.4" 2340x1080 AMOLED,Triple 12 MP + 8 MP + 2 MP (rear camera) 16 MP (front camera),Under screen,Yes
Vivo iQOO Neo 855 Speed Verson,Snapdragon 855+,Octa-core2.96 GHz (1x2.96 GHz + 3x2.42 GHz + 4x1.8 GHz Kryo 485),Adreno 640,128 GB,No,8/12 GB,Android 9.0 "Pie",Funtouch 9,159.5 x 75.2 x 8.1 mm,199g,4500 mAh,USB-C 33W MAX,6.4" 2340x1080 AMOLED,Triple 12 MP + 8 MP + 2 MP (rear camera) 16 MP (front camera),Under screen,Yes
Vivo iQOO Pro,Snapdragon 855+,Octa-core2.8 GHz (1x 2.84 GHz + 3x 2.41 GHz + 4x 1.78 GHz Kryo 485),Adreno 640,128 GB,No,8/12 GB,Android 9.0 "Pie",Funtouch 9.1,158.8 x 75.7 x 9.3 mm,215g,4500 mAh,USB-C 44W MAX,6.4" 2340x1080 AMOLED,Triple 48 MP + 13 MP + 2 MP (rear) 12 MP (front),Under screen,Yes
Vivo iQOO Pro 5G,Snapdragon 855+,Octa-core2.8 GHz (1x 2.84 GHz + 3x 2.41 GHz + 4x 1.78 GHz Kryo 485),Adreno 640,128/256 GB,No,8/12 GB,Android 9.0 "Pie",Funtouch 9.1,158.8 x 75.7 x 9.3 mm,217g,4500 mAh,USB-C 44W MAX,6.4" 2340x1080 AMOLED,Triple 48 MP + 13 MP + 2 MP (rear) 12 MP (front),Under screen,Yes

Samsung Galaxy S10 Lite,Snapdragon 855,Octa-core 2.84 GHz (1x 2.84 GHz + 3x 2.42 GHz + 4x 1.78 GHz Kryo 485),Adreno 640,128 GB,microSD up to 1 TB,6/8 GB,Android 10,One UI,162.5 x 75.6 x 8.1 mm,186g,4500 mAh,USB-C,6.7" 2400x1080 AMOLED,Triple 48 MP + 12 MP + 5 MP (rear) 32 MP (front),Optical,Yes
Samsung Galaxy Note 10 Lite,Exynos 9810,Octa-core 2.7 GHz (4x 2.7 GHz Mongoose M3 + 4x 1.7 GHz Cortex-A55),Mali-G72 MP18,128 GB,microSD up to 1 TB,6/8 GB,Android 10,One UI,163.7 x 76.1 x 8.7 mm,199g,4500 mAh,USB-C,6.7" 2400x1080 AMOLED,Triple 12 MP (rear) 32 MP (front),Optical,Yes
Samsung Galaxy Xcover Pro,Exynos 9611,Octa-core 2.3 GHz (4x 2.3 GHz Cortex-A73 + 4x 1.7 GHz Cortex-A53),Mali-G72 MP3,64 GB,microSD up to 512 GB,4 GB,Android 10,One UI,159.9 x 76.7 x 10 mm,179g,4050mAh,USB-C 15W,6.3" 2340x1080 IPS LCD,Dual 25 MP + 8 MP (rear) 13 MP (front),Side-mounted,Yes
ZTE Axon 10s Pro 5G,Snapdragon 865,Octa-core 2.84 GHz (1x 2.84 GHz + 3x 2.42 GHz + 4x 1.8 GHz Kryo 585),Adreno 650,128/256 GB,microSDXC,6/12 GB,Android 10,MiFavor 10,159.2 x 73.4 x 7.9 mm,175g,4000mAh,USB-C 18W; Wireless,6.5" 2340x1080 AMOLED,Triple 48 MP + 20 MP + 8 MP (rear) 20 MP (front),Optical,Yes
Realme X50 5G,Snapdragon 765,Octa-core (1x 2.4 GHz Kryo 475 Prime + 1x 2.2 GHz Kryo 475 Gold + 6x 1.8 GHz Kryo 475 Silver),Adreno 620,128/256 GB,No,6/8/12 GB,Android 10,ColorOS 7,163.8 x 75.8 x 8.9 mm,202g,4200 mAh,USB-C 30W,6.6" 2400x1080 120Hz IPS LCD,Quad 64 MP + 12 MP + 8 MP + 2 MP (rear) 16 MP + 8 MP (front),Side-mounted,Yes
Realme C3,MediaTek Helio G70,Octa-core 2 GHz (2x 2 GHz Cortex-A75 + 6x 1.7 GHz Cortex-A55),Mali-G52 2EEMC2,32/64 GB,microSDXC,2/3/4 GB,Android 10,Realme UI,164.4 x 75 x 9 mm,195g,5000 mAh,microUSB 2.0 10W,6.5" 1560x720 IPS LCD,Dual 12 MP + 2 MP (rear) 5 MP (front),No,Yes
Oppo F15,MediaTek Helio P70,Octa-core 2.1 GHz (4x 2.1 GHz Cortex-A73 + 4x 2.0 GHz Cortex-A53),Mali-G72 MP3,128 GB,microSDXC,8 GB,Android 9.0 "Pie",ColorOS 6.1,160.2 x 73.3 x 7.9 mm,172g,4025 mAh,USB-C 20W,6.4" 2400x1080 AMOLED,Quad 48 MP + 8 MP + 2x 2 MP (rear) 16 MP (front),Optical,Yes
Moto G Power,Snapdragon 765,Octa-core 2 GHz (4x 2 GHz Kryo 260 Gold + 4x 1.8 GHz Kryo 260 Silver),Adreno 610,64 GB,microSDXC,4 GB,Android 10,Android 10,159.9 x 75.8 x 9.6 mm,199g,5000 mAh,USB-C 18W,6.4" 2300x1080 IPS LCD,Triple 16 MP + 8 MP + 2 MP (rear) 16 MP (front),Rear-mounted,Yes
Moto G Stylus,Snapdragon 765,Octa-core 2 GHz (4x 2 GHz Kryo 260 Gold + 4x 1.8 GHz Kryo 260 Silver),Adreno 610,128 GB,microSDXC,4 GB,Android 10,Android 10,158.6 x 75.8 x 9.2 mm,192g,4000 mAh,USB-C 10W,6.4" 2300x1080 IPS LCD,Triple 48 MP + 16 MP + 2 MP (rear) 16 MP (front),Rear-mounted,Yes
